,,,,,,,,,,,,,,,,,,,,
Product,Price (JPY),Type,Price (USD),Price (HKD),Price (EUR),Price (SGD),Price (GBP),Price (CAD),Price (AUD),Stock Status,,,,,,,,,,
,,,,,,,,,,,,,,,,,,,,
,"¥46,000",9/16 Ship Box,$288.18,"HK$2,214.73",€244.84,S$369.00,£210.87,C$394.27,A$414.41,Pre-order,,,,,,,,,,
,,,,,,,,,,,,,,,,,,,,
,"¥42,000",9/18 Ship Box,$263.12,"HK$2,022.15",€223.55,S$336.92,£192.54,C$359.99,A$378.38,,,,,,,,,,,
,,,,,,,,,,,,,,,,,,,,
,,,$0.00,HK$0.00,€0.00,S$0.00,£0.00,C$0.00,A$0.00,,,,,,,,,,,
30th,,,,,,,,,,,,,,,,,,,,
,"¥30,000",7/31 Ship Box,$187.95,"HK$1,444.39",€159.68,S$240.65,£137.53,C$257.14,A$270.27,Pre-order,,0.006264879088,,0.006264879088,0.04814636495,0.005322546306,0.008021819349,0.004584211974,0.00857118368,0.009009009009
,,,,,,,,,,,,0.04814636495,,,,,,,,
,"¥28,000",8/3  Ship Box,$175.42,"HK$1,348.10",€149.03,S$224.61,£128.36,C$239.99,A$252.25,,,0.005322546306,,,,,,,,
,,,,,,,,,,,,0.008021819349,,,,,,,,
,,,$0.00,HK$0.00,€0.00,S$0.00,£0.00,C$0.00,A$0.00,,,0.004584211974,,,,,,,,
Storm Emerard (M6) ,,,,,,,,,,,,0.00857118368,,,,,,,,
,"¥11,600",Box,$72.67,HK$558.50,€61.74,S$93.05,£53.18,C$99.43,A$104.50,Large Stock,,0.009009009009,,,,,,,,
,,,,,,,,,,,,,,,,,,,,
,"¥10,600",No shrink Box,$66.41,HK$510.35,€56.42,S$85.03,£48.59,C$90.85,A$95.50,,,,,,,,,,,
,,,,,,,,,,,,,,,,,,,,
,"¥10,000",No Tab,$62.65,HK$481.46,€53.23,S$80.22,£45.84,C$85.71,A$90.09,,,,,,,,,,,
Abyss Eye (M5) ,,,,,,,,,,,,,,,,,,,,
,"¥12,000",Box,$75.18,HK$577.76,€63.87,S$96.26,£55.01,C$102.85,A$108.11,Large Stock,,,,,,,,,,
,,,,,,,,,,,,,,,,,,,,
,"¥10,800",No shrink Box,$67.66,HK$519.98,€57.48,S$86.64,£49.51,C$92.57,A$97.30,,,,,,,,,,,
,,,,,,,,,,,,,,,,,,,,
,"¥10,000",No Tab,$62.65,HK$481.46,€53.23,S$80.22,£45.84,C$85.71,A$90.09,,,,,,,,,,,
Ninja Spinner (M4) ,,,,,,,,,,,,,,,,,,,,
,"¥9,500",Box,$59.52,HK$457.39,€50.56,S$76.21,£43.55,C$81.43,A$85.59,Large Stock,,,,,,,,,,
,,,,,,,,,,,,,,,,,,,,
,"¥8,500",No shrink Box,$53.25,HK$409.24,€45.24,S$68.19,£38.97,C$72.86,A$76.58,,,,,,,,,,,
,,,,,,,,,,,,,,,,,,,,
,,,$0.00,HK$0.00,€0.00,S$0.00,£0.00,C$0.00,A$0.00,,,,,,,,,,,
Nihil Zero(M3),,,,,,,,,,,,,,,,,,,,
,"¥16,200",Box,$101.49,HK$779.97,€86.23,S$129.95,£74.26,C$138.85,A$145.95,Large Stock,,,,,,,,,,
,,,,,,,,,,,,,,,,,,,,
,"¥15,000",No shrink Box,$93.97,HK$722.20,€79.84,S$120.33,£68.76,C$128.57,A$135.14,,,,,,,,,,,
,,,,,,,,,,,,,,,,,,,,
,"¥13,500",No Tab,$84.58,HK$649.98,€71.85,S$108.29,£61.89,C$115.71,A$121.62,,,,,,,,,,,
Mega Dream ex(M2a),,,,,,,,,,,,,,,,,,,,
,"¥2,600",Box,$16.29,HK$125.18,€13.84,S$20.86,£11.92,C$22.29,A$23.42,Large Stock,,,,,,,,,,
,,,,,,,,,,,,,,,,,,,,
,"¥80,000",White Box,$501.19,"HK$3,851.71",€425.80,S$641.75,£366.74,C$685.69,A$720.72,,,,,,,,,,,
,,,,,,,,,,,,,,,,,,,,
,,,$0.00,HK$0.00,€0.00,S$0.00,£0.00,C$0.00,A$0.00,,,,,,,,,,,
Start Deck 100 Battle Collection,,,,,,,,,,,,,,,,,,,,
,"¥26,000",Box,$162.89,"HK$1,251.81",€138.39,S$208.57,£119.19,C$222.85,A$234.23,Large Stock,,,,,,,,,,
,,,,,,,,,,,,,,,,,,,,
,"¥24,000",No shrink Box,$150.36,"HK$1,155.51",€127.74,S$192.52,£110.02,C$205.71,A$216.22,,20,,,,,,,,,
,,,,,,,,,,,,,,,,,,,,
,,,$0.00,HK$0.00,€0.00,S$0.00,£0.00,C$0.00,A$0.00,,,,,,,,,,,
Inferno X　(M2),,,,,,,,,,,,,,,,,,,,
,,,$0.00,HK$0.00,€0.00,S$0.00,£0.00,C$0.00,A$0.00,Large Stock,,,,,,,,,,
,,,,,,,,,,,,,,,,,,,,
,,,$0.00,HK$0.00,€0.00,S$0.00,£0.00,C$0.00,A$0.00,,20,,,,,,,,,
,,,,,,,,,,,,,,,,,,,,
,,,$0.00,HK$0.00,€0.00,S$0.00,£0.00,C$0.00,A$0.00,,,,,,,,,,,
Gengar Starter Set,,,,,,,,,,,,,,,,,,,,
,"¥12,800",Box,$80.19,HK$616.27,€68.13,S$102.68,£58.68,C$109.71,A$115.32,Large Stock,,,,,,,,,,
,,,,,,,,,,,,,,,,,,,,
,"¥11,500",No shrink Box,$72.05,HK$553.68,€61.21,S$92.25,£52.72,C$98.57,A$103.60,,,,,,,,,,,
,,,,,,,,,,,,,,,,,,,,
,,,$0.00,HK$0.00,€0.00,S$0.00,£0.00,C$0.00,A$0.00,,,,,,,,,,,
Mega Brave(M1L)        ,,,,,,,,,,,,,,,,,,,,
,"¥11,500",Box,$72.05,HK$553.68,€61.21,S$92.25,£52.72,C$98.57,A$103.60,Large Stock,,,,,,,,,,
,,,,,,,,,,,,,,,,,,,,
,"¥10,000",No shrink Box,$62.65,HK$481.46,€53.23,S$80.22,£45.84,C$85.71,A$90.09,,,,,,,,,,,
,,,,,,,,,,,,,,,,,,,,
,,,$0.00,HK$0.00,€0.00,S$0.00,£0.00,C$0.00,A$0.00,,,,,,,,,,,
Mega Symphonia(M1S),,,,,,,,,,,,,,,,,,,,
,"¥31,000",Box,$194.21,"HK$1,492.54",€165.00,S$248.68,£142.11,C$265.71,A$279.28,Large Stock,,,,,,,,,,
,,,,,,,,,,,,,,,,,,,,
,,,$0.00,HK$0.00,€0.00,S$0.00,£0.00,C$0.00,A$0.00,,,,,,,,,,,
,,,,,,,,,,,,,,,,,,,,
,,,$0.00,HK$0.00,€0.00,S$0.00,£0.00,C$0.00,A$0.00,,,,,,,,,,,
Pokemon Center Mega Blave,,,,,,,,,,,,,,,,,,,,
,"¥25,000",Box,$156.62,"HK$1,203.66",€133.06,S$200.55,£114.61,C$214.28,A$225.23,Large Stock,,,,,,,,,,
,,,,,,,,,,,,,,,,,,,,
,,,$0.00,HK$0.00,€0.00,S$0.00,£0.00,C$0.00,A$0.00,,,,,,,,,,,
,,,,,,,,,,,,,,,,,,,,
,,,$0.00,HK$0.00,€0.00,S$0.00,£0.00,C$0.00,A$0.00,,,,,,,,,,,
Pokemon Center Mega Symponia,,,,,,,,,,,,,,,,,,,,
,,,$0.00,HK$0.00,€0.00,S$0.00,£0.00,C$0.00,A$0.00,Large Stock,,,,,,,,,,
,,,,,,,,,,,,,,,,,,,,
,,,$0.00,HK$0.00,€0.00,S$0.00,£0.00,C$0.00,A$0.00,,,,,,,,,,,
,,,,,,,,,,,,,,,,,,,,
,,,$0.00,HK$0.00,€0.00,S$0.00,£0.00,C$0.00,A$0.00,,,,,,,,,,,
Mega Trainer BOX,,,,,,,,,,,,,,,,,,,,
,"¥18,000",Box,$112.77,HK$866.63,€95.81,S$144.39,£82.52,C$154.28,A$162.16,Large Stock,,,,,,,,,,
,,,,,,,,,,,,,,,,,,,,
,,,$0.00,HK$0.00,€0.00,S$0.00,£0.00,C$0.00,A$0.00,,,,,,,,,,,
,,,,,,,,,,,,,,,,,,,,
,,,$0.00,HK$0.00,€0.00,S$0.00,£0.00,C$0.00,A$0.00,,,,,,,,,,,
Tohoku BOX,,,,,,,,,,,,,,,,,,,,
,"¥23,000",Box,$144.09,"HK$1,107.37",€122.42,S$184.50,£105.44,C$197.14,A$207.21,Large Stock,,,,,,,,,,
,,,,,,,,,,,,,,,,,,,,
,,,$0.00,HK$0.00,€0.00,S$0.00,£0.00,C$0.00,A$0.00,,,,,,,,,,,
,,,,,,,,,,,,,,,,,,,,
,,,$0.00,HK$0.00,€0.00,S$0.00,£0.00,C$0.00,A$0.00,,,,,,,,,,,
Hiroshima BOX,,,,,,,,,,,,,,,,,,,,
,"¥20,500",Box,$128.43,HK$987.00,€109.11,S$164.45,£93.98,C$175.71,A$184.68,Large Stock,,,,,,,,,,
,,,,,,,,,,,,,,,,,,,,
,,,$0.00,HK$0.00,€0.00,S$0.00,£0.00,C$0.00,A$0.00,,,,,,,,,,,
,,,,,,,,,,,,,,,,,,,,
,,,$0.00,HK$0.00,€0.00,S$0.00,£0.00,C$0.00,A$0.00,,,,,,,,,,,
Fukuoka BOX,,,,,,,,,,,,,,,,,,,,
,,,$0.00,HK$0.00,€0.00,S$0.00,£0.00,C$0.00,A$0.00,Large Stock,,,,,,,,,,
,,,,,,,,,,,,,,,,,,,,
,,,$0.00,HK$0.00,€0.00,S$0.00,£0.00,C$0.00,A$0.00,,,,,,,,,,,
,,,,,,,,,,,,,,,,,,,,
,,,$0.00,HK$0.00,€0.00,S$0.00,£0.00,C$0.00,A$0.00,,,,,,,,,,,
Black Volt Deluxe(SV11B)	,,,,,,,,,,,,,,,,,,,,
,,,$0.00,HK$0.00,€0.00,S$0.00,£0.00,C$0.00,A$0.00,Large Stock,,,,,,,,,,
,,,,,,,,,,,,,,,,,,,,
,,,$0.00,HK$0.00,€0.00,S$0.00,£0.00,C$0.00,A$0.00,,,,,,,,,,,
,,,,,,,,,,,,,,,,,,,,
,,,$0.00,HK$0.00,€0.00,S$0.00,£0.00,C$0.00,A$0.00,,,,,,,,,,,
White Flare Deluxe(SV11W),,,,,,,,,,,,,,,,,,,,
,"¥25,500",Box,$159.75,"HK$1,227.73",€135.72,S$204.56,£116.90,C$218.57,A$229.73,Large Stock,,,,,,,,,,
,,,,,,,,,,,,,,,,,,,,
,,,$0.00,HK$0.00,€0.00,S$0.00,£0.00,C$0.00,A$0.00,,,,,,,,,,,
,,,,,,,,,,,,,,,,,,,,
,,,$0.00,HK$0.00,€0.00,S$0.00,£0.00,C$0.00,A$0.00,,,,,,,,,,,
Black Volt(SV11B),,,,,,,,,,,,,,,,,,,,
,"¥23,000",Box,$144.09,"HK$1,107.37",€122.42,S$184.50,£105.44,C$197.14,A$207.21,Large Stock,,,,,,,,,,
,,,,,,,,,,,,,,,,,,,,
,,,$0.00,HK$0.00,€0.00,S$0.00,£0.00,C$0.00,A$0.00,,,,,,,,,,,
,,,,,,,,,,,,,,,,,,,,
,,,$0.00,HK$0.00,€0.00,S$0.00,£0.00,C$0.00,A$0.00,,,,,,,,,,,
White Flare(SV11W),,,,,,,,,,,,,,,,,,,,
,"¥30,000",Box,$187.95,"HK$1,444.39",€159.68,S$240.65,£137.53,C$257.14,A$270.27,Large Stock,,,,,,,,,,
,,,,,,,,,,,,,,,,,,,,
,,,$0.00,HK$0.00,€0.00,S$0.00,£0.00,C$0.00,A$0.00,,,,,,,,,,,
,,,,,,,,,,,,,,,,,,,,
,,,$0.00,HK$0.00,€0.00,S$0.00,£0.00,C$0.00,A$0.00,,,,,,,,,,,
Glory of Team Rocket(Sv10),,,,,,,,,,,,,,,,,,,,
,"¥20,000",Box,$125.30,HK$962.93,€106.45,S$160.44,£91.68,C$171.42,A$180.18,Large Stock,,,,,,,,,,
,,,,,,,,,,,,,,,,,,,,
,,,$0.00,HK$0.00,€0.00,S$0.00,£0.00,C$0.00,A$0.00,,,,,,,,,,,
,,,,,,,,,,,,,,,,,,,,
,,,$0.00,HK$0.00,€0.00,S$0.00,£0.00,C$0.00,A$0.00,,,,,,,,,,,
Heat Wave Arena(SV9a),,,,,,,,,,,,,,,,,,,,
,"¥11,000",Box,$68.91,HK$529.61,€58.55,S$88.24,£50.43,C$94.28,A$99.10,Large Stock,,,,,,,,,,
,,,,,,,,,,,,,,,,,,,,
,,,$0.00,HK$0.00,€0.00,S$0.00,£0.00,C$0.00,A$0.00,,,,,,,,,,,
,,,,,,,,,,,,,,,,,,,,
,,,$0.00,HK$0.00,€0.00,S$0.00,£0.00,C$0.00,A$0.00,,,,,,,,,,,
Battle Partners(SV9),,,,,,,,,,,,,,,,,,,,
,"¥22,000",Box,$137.83,"HK$1,059.22",€117.10,S$176.48,£100.85,C$188.57,A$198.20,Large Stock,,,,,,,,,,
,,,,,,,,,,,,,,,,,,,,
,,,$0.00,HK$0.00,€0.00,S$0.00,£0.00,C$0.00,A$0.00,,,,,,,,,,,
,,,,,,,,,,,,,,,,,,,,
,,,$0.00,HK$0.00,€0.00,S$0.00,£0.00,C$0.00,A$0.00,,,,,,,,,,,
Terastal Festa(SV8a),,,,,,,,,,,,,,,,,,,,
,"¥35,000",Box,$219.27,"HK$1,685.12",€186.29,S$280.76,£160.45,C$299.99,A$315.32,Large Stock,,,,,,,,,,
,,,,,,,,,,,,,,,,,,,,
,,,$0.00,HK$0.00,€0.00,S$0.00,£0.00,C$0.00,A$0.00,,,,,,,,,,,
,,,,,,,,,,,,,,,,,,,,
,,,$0.00,HK$0.00,€0.00,S$0.00,£0.00,C$0.00,A$0.00,,,,,,,,,,,
Super Electric Breaker（SV8),,,,,,,,,,,,,,,,,,,,
,"¥16,500",Box,$103.37,HK$794.42,€87.82,S$132.36,£75.64,C$141.42,A$148.65,Large Stock,,,,,,,,,,
,,,,,,,,,,,,,,,,,,,,
,,,$0.00,HK$0.00,€0.00,S$0.00,£0.00,C$0.00,A$0.00,,,,,,,,,,,
,,,,,,,,,,,,,,,,,,,,
,,,$0.00,HK$0.00,€0.00,S$0.00,£0.00,C$0.00,A$0.00,,,,,,,,,,,
Paradise Ⅾragona（SV7a),,,,,,,,,,,,,,,,,,,,
,"¥12,000",Box,$75.18,HK$577.76,€63.87,S$96.26,£55.01,C$102.85,A$108.11,Large Stock,,,,,,,,,,
,,,,,,,,,,,,,,,,,,,,
,"¥10,000",No shrink Box,$62.65,HK$481.46,€53.23,S$80.22,£45.84,C$85.71,A$90.09,,,,,,,,,,,
,,,,,,,,,,,,,,,,,,,,
,,,$0.00,HK$0.00,€0.00,S$0.00,£0.00,C$0.00,A$0.00,,,,,,,,,,,
Stella Miracle （SV7）,,,,,,,,,,,,,,,,,,,,
,"¥11,400",Box,$71.42,HK$548.87,€60.68,S$91.45,£52.26,C$97.71,A$102.70,Large Stock,,,,,,,,,,
,,,,,,,,,,,,,,,,,,,,
,,,$0.00,HK$0.00,€0.00,S$0.00,£0.00,C$0.00,A$0.00,,,,,,,,,,,
,,,,,,,,,,,,,,,,,,,,
,,,$0.00,HK$0.00,€0.00,S$0.00,£0.00,C$0.00,A$0.00,,,,,,,,,,,
Night wanderer (SV6a),,,,,,,,,,,,,,,,,,,,
,"¥14,500",Box,$90.84,HK$698.12,€77.18,S$116.32,£66.47,C$124.28,A$130.63,Large Stock,,,,,,,,,,
,,,,,,,,,,,,,,,,,,,,
,,,$0.00,HK$0.00,€0.00,S$0.00,£0.00,C$0.00,A$0.00,,,,,,,,,,,
,,,,,,,,,,,,,,,,,,,,
,,,$0.00,HK$0.00,€0.00,S$0.00,£0.00,C$0.00,A$0.00,,,,,,,,,,,
Mask of Transformation(SV6),,,,,,,,,,,,,,,,,,,,
,"¥14,500",Box,$90.84,HK$698.12,€77.18,S$116.32,£66.47,C$124.28,A$130.63,Large Stock,,,,,,,,,,
,,,,,,,,,,,,,,,,,,,,
,,,$0.00,HK$0.00,€0.00,S$0.00,£0.00,C$0.00,A$0.00,,,,,,,,,,,
,,,,,,,,,,,,,,,,,,,,
,,,$0.00,HK$0.00,€0.00,S$0.00,£0.00,C$0.00,A$0.00,,,,,,,,,,,
Crimson Haze(SV5a),,,,,,,,,,,,,,,,,,,,
,"¥14,200",Box,$88.96,HK$683.68,€75.58,S$113.91,£65.10,C$121.71,A$127.93,Large Stock,,,,,,,,,,
,,,,,,,,,,,,,,,,,,,,
,,,$0.00,HK$0.00,€0.00,S$0.00,£0.00,C$0.00,A$0.00,,1,,,,,,,,,
,,,,,,,,,,,,,,,,,,,,
,,,$0.00,HK$0.00,€0.00,S$0.00,£0.00,C$0.00,A$0.00,,,,,,,,,,,
Wild Force (SV5K）,,,,,,,,,,,,,,,,,,,,
,"¥12,000",Box,$75.18,HK$577.76,€63.87,S$96.26,£55.01,C$102.85,A$108.11,Large Stock,,,,,,,,,,
,,,,,,,,,,,,,,,,,,,,
,,,$0.00,HK$0.00,€0.00,S$0.00,£0.00,C$0.00,A$0.00,,,,,,,,,,,
,,,,,,,,,,,,,,,,,,,,
,,,$0.00,HK$0.00,€0.00,S$0.00,£0.00,C$0.00,A$0.00,,,,,,,,,,,
Cyber Judge(SV5M）,,,,,,,,,,,,,,,,,,,,
,"¥20,500",Box,$128.43,HK$987.00,€109.11,S$164.45,£93.98,C$175.71,A$184.68,Large Stock,,,,,,,,,,
,,,,,,,,,,,,,,,,,,,,
,,,$0.00,HK$0.00,€0.00,S$0.00,£0.00,C$0.00,A$0.00,,,,,,,,,,,
,,,,,,,,,,,,,,,,,,,,
,,,$0.00,HK$0.00,€0.00,S$0.00,£0.00,C$0.00,A$0.00,,,,,,,,,,,
Shiny Treasure(SV4a),,,,,,,,,,,,,,,,,,,,
,"¥12,300",Box,$77.06,HK$592.20,€65.47,S$98.67,£56.39,C$105.43,A$110.81,Large Stock,,,,,,,,,,
,,,,,,,,,,,,,,,,,,,,
,,,$0.00,HK$0.00,€0.00,S$0.00,£0.00,C$0.00,A$0.00,,,,,,,,,,,
,,,,,,,,,,,,,,,,,,,,
,,,$0.00,HK$0.00,€0.00,S$0.00,£0.00,C$0.00,A$0.00,,,,,,,,,,,
Ancient Roar(SV4K）,,,,,,,,,,,,,,,,,,,,
,"¥11,500",Box,$72.05,HK$553.68,€61.21,S$92.25,£52.72,C$98.57,A$103.60,Large Stock,,,,,,,,,,
,,,,,,,,,,,,,,,,,,,,
,,,$0.00,HK$0.00,€0.00,S$0.00,£0.00,C$0.00,A$0.00,,,,,,,,,,,
,,,,,,,,,,,,,,,,,,,,
,,,$0.00,HK$0.00,€0.00,S$0.00,£0.00,C$0.00,A$0.00,,,,,,,,,,,
Future Flash(SV4M）,,,,,,,,,,,,,,,,,,,,
,"¥14,700",Box,$92.09,HK$707.75,€78.24,S$117.92,£67.39,C$126.00,A$132.43,Large Stock,,,,,,,,,,
,,,,,,,,,,,,,,,,,,,,
,,,$0.00,HK$0.00,€0.00,S$0.00,£0.00,C$0.00,A$0.00,,,,,,,,,,,
,,,,,,,,,,,,,,,,,,,,
,,,$0.00,HK$0.00,€0.00,S$0.00,£0.00,C$0.00,A$0.00,,,,,,,,,,,
Raging Surf(SV3a),,,,,,,,,,,,,,,,,,,,
,"¥19,500",Box,$122.17,HK$938.85,€103.79,S$156.43,£89.39,C$167.14,A$175.68,Large Stock,,,,,,,,,,
,,,,,,,,,,,,,,,,,,,,
,,,$0.00,HK$0.00,€0.00,S$0.00,£0.00,C$0.00,A$0.00,,,,,,,,,,,
,,,,,,,,,,,,,,,,,,,,
,,,$0.00,HK$0.00,€0.00,S$0.00,£0.00,C$0.00,A$0.00,,,,,,,,,,,
Ruler of Black Flame(SV3),,,,,,,,,,,,,,,,,,,,
,"¥62,000",Box,$388.42,"HK$2,985.07",€330.00,S$497.35,£284.22,C$531.41,A$558.56,Large Stock,,,,,,,,,,
,,,,,,,,,,,,,,,,,,,,
,,,$0.00,HK$0.00,€0.00,S$0.00,£0.00,C$0.00,A$0.00,,,,,,,,,,,
,,,,,,,,,,,,,,,,,,,,
,,,$0.00,HK$0.00,€0.00,S$0.00,£0.00,C$0.00,A$0.00,,,,,,,,,,,
Pokemon Card 151(SV2a),,,,,,,,,,,,,,,,,,,,
,"¥12,000",Box,$75.18,HK$577.76,€63.87,S$96.26,£55.01,C$102.85,A$108.11,Large Stock,,,,,,,,,,
,,,,,,,,,,,,,,,,,,,,
,,,$0.00,HK$0.00,€0.00,S$0.00,£0.00,C$0.00,A$0.00,,,,,,,,,,,
,,,,,,,,,,,,,,,,,,,,
,,,$0.00,HK$0.00,€0.00,S$0.00,£0.00,C$0.00,A$0.00,,,,,,,,,,,
Snow Hazard (SV2P),,,,,,,,,,,,,,,,,,,,
,"¥11,800",Box,$73.93,HK$568.13,€62.81,S$94.66,£54.09,C$101.14,A$106.31,Large Stock,,,,,,,,,,
,,,,,,,,,,,,,,,,,,,,
,,,$0.00,HK$0.00,€0.00,S$0.00,£0.00,C$0.00,A$0.00,,,,,,,,,,,
,,,,,,,,,,,,,,,,,,,,
,,,$0.00,HK$0.00,€0.00,S$0.00,£0.00,C$0.00,A$0.00,,,,,,,,,,,
Clay burst (SV2D）,,,,,,,,,,,,,,,,,,,,
,"¥20,000",Box,$125.30,HK$962.93,€106.45,S$160.44,£91.68,C$171.42,A$180.18,Large Stock,,,,,,,,,,
,,,,,,,,,,,,,,,,,,,,
,,,$0.00,HK$0.00,€0.00,S$0.00,£0.00,C$0.00,A$0.00,,,,,,,,,,,
,,,,,,,,,,,,,,,,,,,,
,,,$0.00,HK$0.00,€0.00,S$0.00,£0.00,C$0.00,A$0.00,,,,,,,,,,,
Triplet Beat(SV1a),,,,,,,,,,,,,,,,,,,,
,"¥14,700",Box,$92.09,HK$707.75,€78.24,S$117.92,£67.39,C$126.00,A$132.43,Large Stock,,,,,,,,,,
,,,,,,,,,,,,,,,,,,,,
,,,$0.00,HK$0.00,€0.00,S$0.00,£0.00,C$0.00,A$0.00,,,,,,,,,,,
,,,,,,,,,,,,,,,,,,,,
,,,$0.00,HK$0.00,€0.00,S$0.00,£0.00,C$0.00,A$0.00,,,,,,,,,,,
Scarlet(SV1S）,,,,,,,,,,,,,,,,,,,,
,"¥11,800",Box,$73.93,HK$568.13,€62.81,S$94.66,£54.09,C$101.14,A$106.31,Large Stock,,,,,,,,,,
,,,,,,,,,,,,,,,,,,,,
,,,$0.00,HK$0.00,€0.00,S$0.00,£0.00,C$0.00,A$0.00,,,,,,,,,,,
,,,,,,,,,,,,,,,,,,,,
,,,$0.00,HK$0.00,€0.00,S$0.00,£0.00,C$0.00,A$0.00,,,,,,,,,,,
Violet(SV1V）,,,,,,,,,,,,,,,,,,,,
,"¥31,500",Box,$197.34,"HK$1,516.61",€167.66,S$252.69,£144.40,C$269.99,A$283.78,Large Stock,,,,,,,,,,
,,,,,,,,,,,,,,,,,,,,
,,,$0.00,HK$0.00,€0.00,S$0.00,£0.00,C$0.00,A$0.00,,,,,,,,,,,
,,,,,,,,,,,,,,,,,,,,
,,,$0.00,HK$0.00,€0.00,S$0.00,£0.00,C$0.00,A$0.00,,,,,,,,,,,
VSTAR Universe(s12a),,,,,,,,,,,,,,,,,,,,
,"¥22,000",Box,$137.83,"HK$1,059.22",€117.10,S$176.48,£100.85,C$188.57,A$198.20,Large Stock,,,,,,,,,,
,,,,,,,,,,,,,,,,,,,,
,,,$0.00,HK$0.00,€0.00,S$0.00,£0.00,C$0.00,A$0.00,,,,,,,,,,,
,,,,,,,,,,,,,,,,,,,,
,,,$0.00,HK$0.00,€0.00,S$0.00,£0.00,C$0.00,A$0.00,,,,,,,,,,,
Paradigm Triggr(s12),,,,,,,,,,,,,,,,,,,,
,"¥11,300",Box,$70.79,HK$544.05,€60.14,S$90.65,£51.80,C$96.85,A$101.80,Large Stock,,,,,,,,,,
,,,,,,,,,,,,,,,,,,,,
,,,$0.00,HK$0.00,€0.00,S$0.00,£0.00,C$0.00,A$0.00,,,,,,,,,,,
,,,,,,,,,,,,,,,,,,,,
,,,$0.00,HK$0.00,€0.00,S$0.00,£0.00,C$0.00,A$0.00,,,,,,,,,,,
Incandescent Arcana(s11a),,,,,,,,,,,,,,,,,,,,
,"¥54,000",Box,$338.30,"HK$2,599.90",€287.42,S$433.18,£247.55,C$462.84,A$486.49,Large Stock,,,,,,,,,,
,,,,,,,,,,,,,,,,,,,,
,,,$0.00,HK$0.00,€0.00,S$0.00,£0.00,C$0.00,A$0.00,,,,,,,,,,,
,,,,,,,,,,,,,,,,,,,,
,,,$0.00,HK$0.00,€0.00,S$0.00,£0.00,C$0.00,A$0.00,,,,,,,,,,,
Lost Abyss(s11),,,,,,,,,,,,,,,,,,,,
,"¥32,500",Box,$203.61,"HK$1,564.76",€172.98,S$260.71,£148.99,C$278.56,A$292.79,Low Stock,,,,,,,,,,
,,,,,,,,,,,,,,,,,,,,
,,,$0.00,HK$0.00,€0.00,S$0.00,£0.00,C$0.00,A$0.00,,,,,,,,,,,
,,,,,,,,,,,,,,,,,,,,
,,,$0.00,HK$0.00,€0.00,S$0.00,£0.00,C$0.00,A$0.00,,,,,,,,,,,
Pokemon Go(s10b),,,,,,,,,,,,,,,,,,,,
,"¥32,800",Box,$205.49,"HK$1,579.20",€174.58,S$263.12,£150.36,C$281.13,A$295.50,Low Stock,,,,,,,,,,
,,,,,,,,,,,,,,,,,,,,
,,,$0.00,HK$0.00,€0.00,S$0.00,£0.00,C$0.00,A$0.00,,,,,,,,,,,
,,,,,,,,,,,,,,,,,,,,
,,,$0.00,HK$0.00,€0.00,S$0.00,£0.00,C$0.00,A$0.00,,,,,,,,,,,
Dark Phantasma(s10a),,,,,,,,,,,,,,,,,,,,
,"¥15,800",Box,$98.99,HK$760.71,€84.10,S$126.74,£72.43,C$135.42,A$142.34,Low Stock,,,,,,,,,,
,,,,,,,,,,,,,,,,,,,,
,,,$0.00,HK$0.00,€0.00,S$0.00,£0.00,C$0.00,A$0.00,,,,,,,,,,,
,,,,,,,,,,,,,,,,,,,,
,,,$0.00,HK$0.00,€0.00,S$0.00,£0.00,C$0.00,A$0.00,,,,,,,,,,,
Time Gazer(s10D）,,,,,,,,,,,,,,,,,,,,
,"¥15,000",Box,$93.97,HK$722.20,€79.84,S$120.33,£68.76,C$128.57,A$135.14,Low Stock,,,,,,,,,,
,,,,,,,,,,,,,,,,,,,,
,,,$0.00,HK$0.00,€0.00,S$0.00,£0.00,C$0.00,A$0.00,,,,,,,,,,,
,,,,,,,,,,,,,,,,,,,,
,,,$0.00,HK$0.00,€0.00,S$0.00,£0.00,C$0.00,A$0.00,,,,,,,,,,,
Space Juggler(s10P）,,,,,,,,,,,,,,,,,,,,
,"¥14,800",Box,$92.72,HK$712.57,€78.77,S$118.72,£67.85,C$126.85,A$133.33,Low Stock,,,,,,,,,,
,,,,,,,,,,,,,,,,,,,,
,,,$0.00,HK$0.00,€0.00,S$0.00,£0.00,C$0.00,A$0.00,,,,,,,,,,,
,,,,,,,,,,,,,,,,,,,,
,,,$0.00,HK$0.00,€0.00,S$0.00,£0.00,C$0.00,A$0.00,,,,,,,,,,,
Battle Region(s9a),,,,,,,,,,,,,,,,,,,,
,"¥21,000",Box,$131.56,"HK$1,011.07",€111.77,S$168.46,£96.27,C$179.99,A$189.19,Low Stock,,,,,,,,,,
,,,,,,,,,,,,,,,,,,,,
,,,$0.00,HK$0.00,€0.00,S$0.00,£0.00,C$0.00,A$0.00,,,,,,,,,,,
,,,,,,,,,,,,,,,,,,,,
,,,$0.00,HK$0.00,€0.00,S$0.00,£0.00,C$0.00,A$0.00,,,,,,,,,,,
Shiny Star V (s4a),,,,,,,,,,,,,,,,,,,,
,"¥138,000",Box,$864.55,"HK$6,644.20",€734.51,"S$1,107.01",£632.62,"C$1,182.82","A$1,243.24",Low Stock,,,,,,,,,,
,,,,,,,,,,,,,,,,,,,,
,,,$0.00,HK$0.00,€0.00,S$0.00,£0.00,C$0.00,A$0.00,,,,,,,,,,,
,,,,,,,,,,,,,,,,,,,,
,,,$0.00,HK$0.00,€0.00,S$0.00,£0.00,C$0.00,A$0.00,,,,,,,,,,,
Eevee Hearos (S6a),,,,,,,,,,,,,,,,,,,,
,"¥23,500",Box,$147.22,"HK$1,131.44",€125.08,S$188.51,£107.73,C$201.42,A$211.71,Low Stock,,,,,,,,,,
,,,,,,,,,,,,,,,,,,,,
,,,$0.00,HK$0.00,€0.00,S$0.00,£0.00,C$0.00,A$0.00,,,,,,,,,,,
,,,,,,,,,,,,,,,,,,,,
,,,$0.00,HK$0.00,€0.00,S$0.00,£0.00,C$0.00,A$0.00,,,,,,,,,,,
Jet-Black Spirit (s6k),,,,,,,,,,,,,,,,,,,,
,"¥60,000",Box,$375.89,"HK$2,888.78",€319.35,S$481.31,£275.05,C$514.27,A$540.54,Low Stock,,,,,,,,,,
,,,,,,,,,,,,,,,,,,,,
,,,$0.00,HK$0.00,€0.00,S$0.00,£0.00,C$0.00,A$0.00,,,,,,,,,,,
,,,,,,,,,,,,,,,,,,,,
,,,$0.00,HK$0.00,€0.00,S$0.00,£0.00,C$0.00,A$0.00,,,,,,,,,,,
Fusion Arts (s8),,,,,,,,,,,,,,,,,,,,
,"¥23,000",Box,$144.09,"HK$1,107.37",€122.42,S$184.50,£105.44,C$197.14,A$207.21,Low Stock,,,,,,,,,,
,,,,,,,,,,,,,,,,,,,,
,,,$0.00,HK$0.00,€0.00,S$0.00,£0.00,C$0.00,A$0.00,,,,,,,,,,,
,,,,,,,,,,,,,,,,,,,,
,,,$0.00,HK$0.00,€0.00,S$0.00,£0.00,C$0.00,A$0.00,,,,,,,,,,,
Star Vers (s9),,,,,,,,,,,,,,,,,,,,
,"¥19,500",Box,$122.17,HK$938.85,€103.79,S$156.43,£89.39,C$167.14,A$175.68,Low Stock,,,,,,,,,,
,,,,,,,,,,,,,,,,,,,,
,,,$0.00,HK$0.00,€0.00,S$0.00,£0.00,C$0.00,A$0.00,,,,,,,,,,,
,,,,,,,,,,,,,,,,,,,,
,,,$0.00,HK$0.00,€0.00,S$0.00,£0.00,C$0.00,A$0.00,,,,,,,,,,,
Silver Lance (S6H),,,,,,,,,,,,,,,,,,,,
,,,$0.00,HK$0.00,€0.00,S$0.00,£0.00,C$0.00,A$0.00,Low Stock,,,,,,,,,,
,,,,,,,,,,,,,,,,,,,,
,,,$0.00,HK$0.00,€0.00,S$0.00,£0.00,C$0.00,A$0.00,,,,,,,,,,,
,,,,,,,,,,,,,,,,,,,,
,,,$0.00,HK$0.00,€0.00,S$0.00,£0.00,C$0.00,A$0.00,,,,,,,,,,,
Vmax Climax (S8b),,,,,,,,,,,,,,,,,,,,
,,,$0.00,HK$0.00,€0.00,S$0.00,£0.00,C$0.00,A$0.00,,,,,,,,,,,
,,,,,,,,,,,,,,,,,,,,
,,,$0.00,HK$0.00,€0.00,S$0.00,£0.00,C$0.00,A$0.00,,,,,,,,,,,
,,,,,,,,,,,,,,,,,,,,
,,,$0.00,HK$0.00,€0.00,S$0.00,£0.00,C$0.00,A$0.00,,,,,,,,,,,
製品名,,,,,,,,,,,,,,,,,,,,
,,,$0.00,HK$0.00,€0.00,S$0.00,£0.00,C$0.00,A$0.00,,,,,,,,,,,
,,,,,,,,,,,,,,,,,,,,
,,,$0.00,HK$0.00,€0.00,S$0.00,£0.00,C$0.00,A$0.00,,,,,,,,,,,
,,,,,,,,,,,,,,,,,,,,
,,,$0.00,HK$0.00,€0.00,S$0.00,£0.00,C$0.00,A$0.00,,,,,,,,,,,
製品名,,,,,,,,,,,,,,,,,,,,
,,,$0.00,HK$0.00,€0.00,S$0.00,£0.00,C$0.00,A$0.00,,,,,,,,,,,
,,,,,,,,,,,,,,,,,,,,
,,,$0.00,HK$0.00,€0.00,S$0.00,£0.00,C$0.00,A$0.00,,,,,,,,,,,
,,,,,,,,,,,,,,,,,,,,
,,,$0.00,HK$0.00,€0.00,S$0.00,£0.00,C$0.00,A$0.00,,,,,,,,,,,
製品名,,,,,,,,,,,,,,,,,,,,
,,,$0.00,HK$0.00,€0.00,S$0.00,£0.00,C$0.00,A$0.00,,,,,,,,,,,
,,,,,,,,,,,,,,,,,,,,
,,,$0.00,HK$0.00,€0.00,S$0.00,£0.00,C$0.00,A$0.00,,,,,,,,,,,
,,,,,,,,,,,,,,,,,,,,
,,,$0.00,HK$0.00,€0.00,S$0.00,£0.00,C$0.00,A$0.00,,,,,,,,,,,
製品名,,,,,,,,,,,,,,,,,,,,
,,,$0.00,HK$0.00,€0.00,S$0.00,£0.00,C$0.00,A$0.00,,,,,,,,,,,
,,,,,,,,,,,,,,,,,,,,
,,,$0.00,HK$0.00,€0.00,S$0.00,£0.00,C$0.00,A$0.00,,,,,,,,,,,
,,,,,,,,,,,,,,,,,,,,
,,,$0.00,HK$0.00,€0.00,S$0.00,£0.00,C$0.00,A$0.00,,,,,,,,,,,
製品名,,,,,,,,,,,,,,,,,,,,
,,,$0.00,HK$0.00,€0.00,S$0.00,£0.00,C$0.00,A$0.00,,,,,,,,,,,
,,,,,,,,,,,,,,,,,,,,
,,,$0.00,HK$0.00,€0.00,S$0.00,£0.00,C$0.00,A$0.00,,,,,,,,,,,
,,,,,,,,,,,,,,,,,,,,
,,,$0.00,HK$0.00,€0.00,S$0.00,£0.00,C$0.00,A$0.00,,,,,,,,,,,
製品名,,,,,,,,,,,,,,,,,,,,
,,,$0.00,HK$0.00,€0.00,S$0.00,£0.00,C$0.00,A$0.00,,,,,,,,,,,
,,,,,,,,,,,,,,,,,,,,
,,,$0.00,HK$0.00,€0.00,S$0.00,£0.00,C$0.00,A$0.00,,,,,,,,,,,
,,,,,,,,,,,,,,,,,,,,
,,,$0.00,HK$0.00,€0.00,S$0.00,£0.00,C$0.00,A$0.00,,,,,,,,,,,
製品名,,,,,,,,,,,,,,,,,,,,
,,,$0.00,HK$0.00,€0.00,S$0.00,£0.00,C$0.00,A$0.00,,,,,,,,,,,
,,,,,,,,,,,,,,,,,,,,
,,,$0.00,HK$0.00,€0.00,S$0.00,£0.00,C$0.00,A$0.00,,,,,,,,,,,
,,,,,,,,,,,,,,,,,,,,
,,,$0.00,HK$0.00,€0.00,S$0.00,£0.00,C$0.00,A$0.00,,,,,,,,,,,
製品名,,,,,,,,,,,,,,,,,,,,
,,,$0.00,HK$0.00,€0.00,S$0.00,£0.00,C$0.00,A$0.00,,,,,,,,,,,
,,,,,,,,,,,,,,,,,,,,
,,,$0.00,HK$0.00,€0.00,S$0.00,£0.00,C$0.00,A$0.00,,,,,,,,,,,
,,,,,,,,,,,,,,,,,,,,
,,,$0.00,HK$0.00,€0.00,S$0.00,£0.00,C$0.00,A$0.00,,,,,,,,,,,
製品名,,,,,,,,,,,,,,,,,,,,
,,,$0.00,HK$0.00,€0.00,S$0.00,£0.00,C$0.00,A$0.00,,,,,,,,,,,
,,,,,,,,,,,,,,,,,,,,
,,,$0.00,HK$0.00,€0.00,S$0.00,£0.00,C$0.00,A$0.00,,,,,,,,,,,
,,,,,,,,,,,,,,,,,,,,
,,,$0.00,HK$0.00,€0.00,S$0.00,£0.00,C$0.00,A$0.00,,,,,,,,,,,
製品名,,,,,,,,,,,,,,,,,,,,
,,,$0.00,HK$0.00,€0.00,S$0.00,£0.00,C$0.00,A$0.00,,,,,,,,,,,
,,,,,,,,,,,,,,,,,,,,
,,,$0.00,HK$0.00,€0.00,S$0.00,£0.00,C$0.00,A$0.00,,,,,,,,,,,
,,,,,,,,,,,,,,,,,,,,
,,,$0.00,HK$0.00,€0.00,S$0.00,£0.00,C$0.00,A$0.00,,,,,,,,,,,
製品名,,,,,,,,,,,,,,,,,,,,
,,,$0.00,HK$0.00,€0.00,S$0.00,£0.00,C$0.00,A$0.00,,,,,,,,,,,
,,,,,,,,,,,,,,,,,,,,
,,,$0.00,HK$0.00,€0.00,S$0.00,£0.00,C$0.00,A$0.00,,,,,,,,,,,
,,,,,,,,,,,,,,,,,,,,
,,,$0.00,HK$0.00,€0.00,S$0.00,£0.00,C$0.00,A$0.00,,,,,,,,,,,
製品名,,,,,,,,,,,,,,,,,,,,
,,,$0.00,HK$0.00,€0.00,S$0.00,£0.00,C$0.00,A$0.00,,,,,,,,,,,
,,,,,,,,,,,,,,,,,,,,
,,,$0.00,HK$0.00,€0.00,S$0.00,£0.00,C$0.00,A$0.00,,,,,,,,,,,
,,,,,,,,,,,,,,,,,,,,
,,,$0.00,HK$0.00,€0.00,S$0.00,£0.00,C$0.00,A$0.00,,,,,,,,,,,
製品名,,,,,,,,,,,,,,,,,,,,
,,,$0.00,HK$0.00,€0.00,S$0.00,£0.00,C$0.00,A$0.00,,,,,,,,,,,
,,,,,,,,,,,,,,,,,,,,
,,,$0.00,HK$0.00,€0.00,S$0.00,£0.00,C$0.00,A$0.00,,,,,,,,,,,
,,,,,,,,,,,,,,,,,,,,
,,,$0.00,HK$0.00,€0.00,S$0.00,£0.00,C$0.00,A$0.00,,,,,,,,,,,
製品名,,,,,,,,,,,,,,,,,,,,
,,,$0.00,HK$0.00,€0.00,S$0.00,£0.00,C$0.00,A$0.00,,,,,,,,,,,
,,,,,,,,,,,,,,,,,,,,
,,,$0.00,HK$0.00,€0.00,S$0.00,£0.00,C$0.00,A$0.00,,,,,,,,,,,
,,,,,,,,,,,,,,,,,,,,
,,,$0.00,HK$0.00,€0.00,S$0.00,£0.00,C$0.00,A$0.00,,,,,,,,,,,
製品名,,,,,,,,,,,,,,,,,,,,
,,,$0.00,HK$0.00,€0.00,S$0.00,£0.00,C$0.00,A$0.00,,,,,,,,,,,
,,,,,,,,,,,,,,,,,,,,
,,,$0.00,HK$0.00,€0.00,S$0.00,£0.00,C$0.00,A$0.00,,,,,,,,,,,
,,,,,,,,,,,,,,,,,,,,
,,,$0.00,HK$0.00,€0.00,S$0.00,£0.00,C$0.00,A$0.00,,,,,,,,,,,
製品名,,,,,,,,,,,,,,,,,,,,
,,,$0.00,HK$0.00,€0.00,S$0.00,£0.00,C$0.00,A$0.00,,,,,,,,,,,
,,,,,,,,,,,,,,,,,,,,
,,,$0.00,HK$0.00,€0.00,S$0.00,£0.00,C$0.00,A$0.00,,,,,,,,,,,
,,,,,,,,,,,,,,,,,,,,
,,,$0.00,HK$0.00,€0.00,S$0.00,£0.00,C$0.00,A$0.00,,,,,,,,,,,
製品名,,,,,,,,,,,,,,,,,,,,
,,,$0.00,HK$0.00,€0.00,S$0.00,£0.00,C$0.00,A$0.00,,,,,,,,,,,
,,,,,,,,,,,,,,,,,,,,
,,,$0.00,HK$0.00,€0.00,S$0.00,£0.00,C$0.00,A$0.00,,,,,,,,,,,
,,,,,,,,,,,,,,,,,,,,
,,,$0.00,HK$0.00,€0.00,S$0.00,£0.00,C$0.00,A$0.00,,,,,,,,,,,
製品名,,,,,,,,,,,,,,,,,,,,
,,,$0.00,HK$0.00,€0.00,S$0.00,£0.00,C$0.00,A$0.00,,,,,,,,,,,
,,,,,,,,,,,,,,,,,,,,
,,,$0.00,HK$0.00,€0.00,S$0.00,£0.00,C$0.00,A$0.00,,,,,,,,,,,
,,,,,,,,,,,,,,,,,,,,
,,,$0.00,HK$0.00,€0.00,S$0.00,£0.00,C$0.00,A$0.00,,,,,,,,,,,
製品名,,,,,,,,,,,,,,,,,,,,
,,,$0.00,HK$0.00,€0.00,S$0.00,£0.00,C$0.00,A$0.00,,,,,,,,,,,
,,,,,,,,,,,,,,,,,,,,
,,,$0.00,HK$0.00,€0.00,S$0.00,£0.00,C$0.00,A$0.00,,,,,,,,,,,
,,,,,,,,,,,,,,,,,,,,
,,,$0.00,HK$0.00,€0.00,S$0.00,£0.00,C$0.00,A$0.00,,,,,,,,,,,
製品名,,,,,,,,,,,,,,,,,,,,
,,,$0.00,HK$0.00,€0.00,S$0.00,£0.00,C$0.00,A$0.00,,,,,,,,,,,
,,,,,,,,,,,,,,,,,,,,
,,,$0.00,HK$0.00,€0.00,S$0.00,£0.00,C$0.00,A$0.00,,,,,,,,,,,
,,,,,,,,,,,,,,,,,,,,
,,,$0.00,HK$0.00,€0.00,S$0.00,£0.00,C$0.00,A$0.00,,,,,,,,,,,
製品名,,,,,,,,,,,,,,,,,,,,
,,,$0.00,HK$0.00,€0.00,S$0.00,£0.00,C$0.00,A$0.00,,,,,,,,,,,
,,,,,,,,,,,,,,,,,,,,
,,,$0.00,HK$0.00,€0.00,S$0.00,£0.00,C$0.00,A$0.00,,,,,,,,,,,
,,,,,,,,,,,,,,,,,,,,
,,,$0.00,HK$0.00,€0.00,S$0.00,£0.00,C$0.00,A$0.00,,,,,,,,,,,
製品名,,,,,,,,,,,,,,,,,,,,
,,,$0.00,HK$0.00,€0.00,S$0.00,£0.00,C$0.00,A$0.00,,,,,,,,,,,
,,,,,,,,,,,,,,,,,,,,
,,,$0.00,HK$0.00,€0.00,S$0.00,£0.00,C$0.00,A$0.00,,,,,,,,,,,
,,,,,,,,,,,,,,,,,,,,
,,,$0.00,HK$0.00,€0.00,S$0.00,£0.00,C$0.00,A$0.00,,,,,,,,,,,
製品名,,,,,,,,,,,,,,,,,,,,
,,,$0.00,HK$0.00,€0.00,S$0.00,£0.00,C$0.00,A$0.00,,,,,,,,,,,
,,,,,,,,,,,,,,,,,,,,
,,,$0.00,HK$0.00,€0.00,S$0.00,£0.00,C$0.00,A$0.00,,,,,,,,,,,
,,,,,,,,,,,,,,,,,,,,
,,,$0.00,HK$0.00,€0.00,S$0.00,£0.00,C$0.00,A$0.00,,,,,,,,,,,
製品名,,,,,,,,,,,,,,,,,,,,
,,,$0.00,HK$0.00,€0.00,S$0.00,£0.00,C$0.00,A$0.00,,,,,,,,,,,
,,,,,,,,,,,,,,,,,,,,
,,,$0.00,HK$0.00,€0.00,S$0.00,£0.00,C$0.00,A$0.00,,,,,,,,,,,
,,,,,,,,,,,,,,,,,,,,
,,,$0.00,HK$0.00,€0.00,S$0.00,£0.00,C$0.00,A$0.00,,,,,,,,,,,
製品名,,,,,,,,,,,,,,,,,,,,
,,,$0.00,HK$0.00,€0.00,S$0.00,£0.00,C$0.00,A$0.00,,,,,,,,,,,
,,,,,,,,,,,,,,,,,,,,
,,,$0.00,HK$0.00,€0.00,S$0.00,£0.00,C$0.00,A$0.00,,,,,,,,,,,
,,,,,,,,,,,,,,,,,,,,
,,,$0.00,HK$0.00,€0.00,S$0.00,£0.00,C$0.00,A$0.00,,,,,,,,,,,
製品名,,,,,,,,,,,,,,,,,,,,
,,,$0.00,HK$0.00,€0.00,S$0.00,£0.00,C$0.00,A$0.00,,,,,,,,,,,
,,,,,,,,,,,,,,,,,,,,
,,,$0.00,HK$0.00,€0.00,S$0.00,£0.00,C$0.00,A$0.00,,,,,,,,,,,
,,,,,,,,,,,,,,,,,,,,
,,,$0.00,HK$0.00,€0.00,S$0.00,£0.00,C$0.00,A$0.00,,,,,,,,,,,
製品名,,,,,,,,,,,,,,,,,,,,
,,,$0.00,HK$0.00,€0.00,S$0.00,£0.00,C$0.00,A$0.00,,,,,,,,,,,
,,,,,,,,,,,,,,,,,,,,
,,,$0.00,HK$0.00,€0.00,S$0.00,£0.00,C$0.00,A$0.00,,,,,,,,,,,
,,,,,,,,,,,,,,,,,,,,
,,,$0.00,HK$0.00,€0.00,S$0.00,£0.00,C$0.00,A$0.00,,,,,,,,,,,
製品名,,,,,,,,,,,,,,,,,,,,
,,,$0.00,HK$0.00,€0.00,S$0.00,£0.00,C$0.00,A$0.00,,,,,,,,,,,
,,,,,,,,,,,,,,,,,,,,
,,,$0.00,HK$0.00,€0.00,S$0.00,£0.00,C$0.00,A$0.00,,,,,,,,,,,
,,,,,,,,,,,,,,,,,,,,
,,,$0.00,HK$0.00,€0.00,S$0.00,£0.00,C$0.00,A$0.00,,,,,,,,,,,
製品名,,,,,,,,,,,,,,,,,,,,
,,,$0.00,HK$0.00,€0.00,S$0.00,£0.00,C$0.00,A$0.00,,,,,,,,,,,
,,,,,,,,,,,,,,,,,,,,
,,,$0.00,HK$0.00,€0.00,S$0.00,£0.00,C$0.00,A$0.00,,,,,,,,,,,
,,,,,,,,,,,,,,,,,,,,
,,,$0.00,HK$0.00,€0.00,S$0.00,£0.00,C$0.00,A$0.00,,,,,,,,,,,
製品名,,,,,,,,,,,,,,,,,,,,
,,,$0.00,HK$0.00,€0.00,S$0.00,£0.00,C$0.00,A$0.00,,,,,,,,,,,
,,,,,,,,,,,,,,,,,,,,
,,,$0.00,HK$0.00,€0.00,S$0.00,£0.00,C$0.00,A$0.00,,,,,,,,,,,
,,,,,,,,,,,,,,,,,,,,
,,,$0.00,HK$0.00,€0.00,S$0.00,£0.00,C$0.00,A$0.00,,,,,,,,,,,
製品名,,,,,,,,,,,,,,,,,,,,
,,,$0.00,HK$0.00,€0.00,S$0.00,£0.00,C$0.00,A$0.00,,,,,,,,,,,
,,,,,,,,,,,,,,,,,,,,
,,,$0.00,HK$0.00,€0.00,S$0.00,£0.00,C$0.00,A$0.00,,,,,,,,,,,
,,,,,,,,,,,,,,,,,,,,
,,,$0.00,HK$0.00,€0.00,S$0.00,£0.00,C$0.00,A$0.00,,,,,,,,,,,
製品名,,,,,,,,,,,,,,,,,,,,
,,,$0.00,HK$0.00,€0.00,S$0.00,£0.00,C$0.00,A$0.00,,,,,,,,,,,
,,,,,,,,,,,,,,,,,,,,
,,,$0.00,HK$0.00,€0.00,S$0.00,£0.00,C$0.00,A$0.00,,,,,,,,,,,
,,,,,,,,,,,,,,,,,,,,
,,,$0.00,HK$0.00,€0.00,S$0.00,£0.00,C$0.00,A$0.00,,,,,,,,,,,
製品名,,,,,,,,,,,,,,,,,,,,
,,,$0.00,HK$0.00,€0.00,S$0.00,£0.00,C$0.00,A$0.00,,,,,,,,,,,
,,,,,,,,,,,,,,,,,,,,
,,,$0.00,HK$0.00,€0.00,S$0.00,£0.00,C$0.00,A$0.00,,,,,,,,,,,
,,,,,,,,,,,,,,,,,,,,
,,,$0.00,HK$0.00,€0.00,S$0.00,£0.00,C$0.00,A$0.00,,,,,,,,,,,
製品名,,,,,,,,,,,,,,,,,,,,
,,,$0.00,HK$0.00,€0.00,S$0.00,£0.00,C$0.00,A$0.00,,,,,,,,,,,
,,,,,,,,,,,,,,,,,,,,
,,,$0.00,HK$0.00,€0.00,S$0.00,£0.00,C$0.00,A$0.00,,,,,,,,,,,
,,,,,,,,,,,,,,,,,,,,
,,,$0.00,HK$0.00,€0.00,S$0.00,£0.00,C$0.00,A$0.00,,,,,,,,,,,
製品名,,,,,,,,,,,,,,,,,,,,
,,,$0.00,HK$0.00,€0.00,S$0.00,£0.00,C$0.00,A$0.00,,,,,,,,,,,
,,,,,,,,,,,,,,,,,,,,
,,,$0.00,HK$0.00,€0.00,S$0.00,£0.00,C$0.00,A$0.00,,,,,,,,,,,
,,,,,,,,,,,,,,,,,,,,
,,,$0.00,HK$0.00,€0.00,S$0.00,£0.00,C$0.00,A$0.00,,,,,,,,,,,
製品名,,,,,,,,,,,,,,,,,,,,
,,,$0.00,HK$0.00,€0.00,S$0.00,£0.00,C$0.00,A$0.00,,,,,,,,,,,
,,,,,,,,,,,,,,,,,,,,
,,,$0.00,HK$0.00,€0.00,S$0.00,£0.00,C$0.00,A$0.00,,,,,,,,,,,
,,,,,,,,,,,,,,,,,,,,
,,,$0.00,HK$0.00,€0.00,S$0.00,£0.00,C$0.00,A$0.00,,,,,,,,,,,
製品名,,,,,,,,,,,,,,,,,,,,
,,,$0.00,HK$0.00,€0.00,S$0.00,£0.00,C$0.00,A$0.00,,,,,,,,,,,
,,,,,,,,,,,,,,,,,,,,
,,,$0.00,HK$0.00,€0.00,S$0.00,£0.00,C$0.00,A$0.00,,,,,,,,,,,
,,,,,,,,,,,,,,,,,,,,
,,,$0.00,HK$0.00,€0.00,S$0.00,£0.00,C$0.00,A$0.00,,,,,,,,,,,
製品名,,,,,,,,,,,,,,,,,,,,
,,,$0.00,HK$0.00,€0.00,S$0.00,£0.00,C$0.00,A$0.00,,,,,,,,,,,
,,,,,,,,,,,,,,,,,,,,
,,,$0.00,HK$0.00,€0.00,S$0.00,£0.00,C$0.00,A$0.00,,,,,,,,,,,
,,,,,,,,,,,,,,,,,,,,
,,,$0.00,HK$0.00,€0.00,S$0.00,£0.00,C$0.00,A$0.00,,,,,,,,,,,
製品名,,,,,,,,,,,,,,,,,,,,
,,,$0.00,HK$0.00,€0.00,S$0.00,£0.00,C$0.00,A$0.00,,,,,,,,,,,
,,,,,,,,,,,,,,,,,,,,
,,,$0.00,HK$0.00,€0.00,S$0.00,£0.00,C$0.00,A$0.00,,,,,,,,,,,
,,,,,,,,,,,,,,,,,,,,
,,,$0.00,HK$0.00,€0.00,S$0.00,£0.00,C$0.00,A$0.00,,,,,,,,,,,